id,first_name,last_name,email,age,location
1,Wilhelm,Foord,wfoord0@latimes.com,47,Euclides da Cunha
2,Reggie,McIlhagga,rmcilhagga1@qq.com,50,Saripin
3,Marney,Chesley,mchesley2@wp.com,86,Isla Verde
4,Sallyann,Fanning,sfanning3@omniture.com,23,Dalupaon
5,Nealy,Wrathmall,nwrathmall4@over-blog.com,21,Solok
6,Pancho,Madge,pmadge5@google.com.hk,61,Tucson
7,Rosina,felip,rfelip6@oakley.com,73,Pointe-Noire
8,Jorry,Livock,jlivock7@flickr.com,62,Qiryat Yam
9,Axel,Rickerby,arickerby8@wix.com,53,Shchastya
10,Kariotta,Shayes,kshayes9@fda.gov,27,Irbid
11,Marion,Gricks,mgricksa@goo.gl,86,Kadukandel
12,Collen,Stygall,cstygallb@tripod.com,51,Grenoble
13,Ebeneser,Featherbie,efeatherbiec@symantec.com,64,Toumodi
14,Leena,Hodcroft,lhodcroftd@macromedia.com,21,Klyuchi
15,Madelon,Flay,mflaye@google.nl,60,Yur’yev-Pol’skiy
16,Briggs,McPhillips,bmcphillipsf@hc360.com,60,Pokój
17,Doralyn,Dymott,ddymottg@elegantthemes.com,49,Daming
18,Brunhilda,Vasilik,bvasilikh@example.com,75,Al Fūlah
19,Carline,Craddock,ccraddocki@google.cn,43,Suqiaoxiang
20,Kathlin,Gonzalez,kgonzalezj@intel.com,81,Petrovo-Dal’neye
21,Bambie,Lattka,blattkak@purevolume.com,43,Candating
22,Dale,Sharpley,dsharpleyl@netlog.com,32,Mellieħa
23,Kate,Wickson,kwicksonm@bigcartel.com,54,Drybin
24,Travers,Eccott,teccottn@bravesites.com,82,Kuching
25,Miner,Cardoe,mcardoeo@gov.uk,77,Qiancheng
26,Alika,Dombrell,adombrellp@photobucket.com,40,La Banda
27,Thacher,Gowan,tgowanq@bloomberg.com,64,Wangqu
28,Jasper,Bulled,jbulledr@ucsd.edu,80,Aydūn
29,Lauralee,Romaines,lromainess@indiatimes.com,69,Yagoua
30,Gavan,Brightie,gbrightiet@wiley.com,53,Sanjia
31,Sibelle,Bickell,sbickellu@tinypic.com,19,Houmt Souk
32,Arnie,Cayser,acayserv@plala.or.jp,47,Karabas
33,Zelma,Buney,zbuneyw@freewebs.com,46,San Luis del Palmar
34,Dylan,Speaks,dspeaksx@opera.com,69,Tahe
35,Alister,Jess,ajessy@cmu.edu,88,Zhangqiang
36,Fletch,Ajsik,fajsikz@discuz.net,28,Namp’o
37,Aubrey,Alenov,aalenov10@myspace.com,56,Cabay
38,Geoff,Ashby,gashby11@bing.com,23,Huata
39,Romona,Guillotin,rguillotin12@myspace.com,87,Murree
40,Linnell,Klaffs,lklaffs13@geocities.jp,69,Tanabi
41,Quintina,Lindro,qlindro14@shinystat.com,43,Jinshan
42,Lexy,Molder,lmolder15@oaic.gov.au,22,Pedreira
43,Gradeigh,Pittaway,gpittaway16@timesonline.co.uk,63,Parkent
44,Loren,Farryan,lfarryan17@pagesperso-orange.fr,54,Chengyang
45,Celesta,Sidary,csidary18@google.it,31,Ubaitaba
46,Reade,Vezey,rvezey19@ustream.tv,57,Fort Wayne
47,Mariejeanne,Asty,masty1a@tiny.cc,40,Kolyubakino
48,Rosanne,Iliff,riliff1b@ameblo.jp,83,Lingion
49,Rahel,MacGaughie,rmacgaughie1c@howstuffworks.com,48,Queluz de Baixo
50,Augustine,Grosvener,agrosvener1d@networkadvertising.org,71,Galis Dua
51,Drake,Fillis,dfillis1e@hp.com,43,Jieshui
52,Pauly,Luberto,pluberto1f@pen.io,21,Bršadin
53,Ogden,Young,oyoung1g@is.gd,45,Phoenix
54,Pieter,Prozescky,pprozescky1h@ehow.com,45,Jadranovo
55,Karyl,Corah,kcorah1i@msu.edu,19,Ta’erqi
56,Taylor,Rosenfarb,trosenfarb1j@bbc.co.uk,82,Kafr Sawm
57,Austina,Oldmeadow,aoldmeadow1k@yellowpages.com,67,Tual
58,Dionisio,Chellingworth,dchellingworth1l@bravesites.com,65,Baomin
59,Mira,Rodson,mrodson1m@xrea.com,82,Salanegara
60,Katlin,Buckland,kbuckland1n@ning.com,34,Oeleu
61,Ilario,Dudderidge,idudderidge1o@guardian.co.uk,59,Kuningan
62,Lib,Oldred,loldred1p@nymag.com,52,Ridder
63,Ajay,Hogbin,ahogbin1q@merriam-webster.com,41,Chornomors’ke
64,Orson,Skitteral,oskitteral1r@istockphoto.com,46,Ziyuan
65,Sashenka,Coppens,scoppens1s@ycombinator.com,41,Changqiao
66,Shawnee,Ferrers,sferrers1t@whitehouse.gov,79,Xiayunling
67,Renard,Antognazzi,rantognazzi1u@google.ru,30,Lebak
68,Isidoro,Windibank,iwindibank1v@pen.io,27,Petit Valley
69,Holden,Hawgood,hhawgood1w@google.cn,30,Eslāmābād
70,Camella,Tille,ctille1x@tripod.com,69,Talodi
71,Bart,Gagg,bgagg1y@twitpic.com,53,Tong’an
72,Jere,Leyban,jleyban1z@nps.gov,36,Puerto Eldorado
73,Kerrin,Canter,kcanter20@sciencedaily.com,22,Aguilares
74,Claudian,Attwill,cattwill21@nationalgeographic.com,39,Tianfu
75,Elijah,Dinning,edinning22@usgs.gov,67,Igoumenítsa
76,Dorey,Ferenc,dferenc23@shinystat.com,76,Tržič
77,Clim,Ocheltree,cocheltree24@mit.edu,31,Cikandang
78,Raimundo,Adrianello,radrianello25@gizmodo.com,49,Damawato
79,Damita,Pasquale,dpasquale26@marketwatch.com,40,Cheongpyeong
80,Gustavus,Cureton,gcureton27@shinystat.com,21,Wartburg
81,Hammad,Winkell,hwinkell28@ycombinator.com,72,Krasne
82,Ring,Edge,redge29@biblegateway.com,35,Ugba
83,Cristal,Mewett,cmewett2a@engadget.com,41,Lewopao
84,Amalee,Griswaite,agriswaite2b@google.ru,42,Vaughan
85,Gabey,MacTrustey,gmactrustey2c@dailymotion.com,35,Forestville
86,Courtnay,Brankley,cbrankley2d@mit.edu,36,Nanhe
87,Caye,Collingridge,ccollingridge2e@vistaprint.com,21,Zhugang
88,Wake,Cottey,wcottey2f@prweb.com,30,Gävle
89,Lorne,McVeagh,lmcveagh2g@webnode.com,38,Ares Tengah
90,Casi,Klemmt,cklemmt2h@blogtalkradio.com,67,Torres
91,Reeta,Burfield,rburfield2i@newsvine.com,72,Östersund
92,Powell,Goeff,pgoeff2j@xrea.com,68,Abovyan
93,Whittaker,Pegg,wpegg2k@webmd.com,23,Yashiro
94,Torrey,Sparke,tsparke2l@uol.com.br,65,Cabatang
95,Giacopo,Morch,gmorch2m@bravesites.com,62,Öldziyt
96,Martino,Deluce,mdeluce2n@examiner.com,61,Nowe Miasto
97,Krisha,Plews,kplews2o@usda.gov,32,Gominhães
98,Hettie,Bransgrove,hbransgrove2p@meetup.com,77,Ronov nad Doubravou
99,Coreen,Dayer,cdayer2q@hibu.com,39,Shalang
100,Viviene,Cess,vcess2r@state.tx.us,43,Veltruby
101,Antonius,Shattock,ashattock2s@craigslist.org,25,Thị Trấn Cao Lộc
102,Nealson,Dwyer,ndwyer2t@springer.com,74,Raminho
103,Goldia,Cornels,gcornels2u@harvard.edu,87,Město Albrechtice
104,Demott,Walne,dwalne2v@nih.gov,50,Trairi
105,Alexia,Pavlenko,apavlenko2w@patch.com,63,Yangzhuang
106,Claire,Merrigan,cmerrigan2x@ow.ly,77,Ţāmiyah
107,Rawley,Jimes,rjimes2y@sogou.com,65,Nantes
108,Finn,Prahm,fprahm2z@theatlantic.com,72,Vatutine
109,Tamarah,Segrave,tsegrave30@yale.edu,88,Mospyne
110,Holli,Paullin,hpaullin31@nasa.gov,52,Jiaobei
111,Addia,Ivasyushkin,aivasyushkin32@unicef.org,25,Gulai
112,Rafaela,Hallock,rhallock33@forbes.com,59,Xinqiao
113,Sergeant,Eve,seve34@geocities.jp,31,Bogotá
114,Vernon,Bolam,vbolam35@google.ca,30,Szczaniec
115,Vassily,De Domenico,vdedomenico36@discuz.net,73,Kanḏay
116,Reece,Shapter,rshapter37@vkontakte.ru,48,Washington
117,Christiane,Douthwaite,cdouthwaite38@dmoz.org,23,Kristinestad
118,Diarmid,Fransewich,dfransewich39@wikia.com,83,Zaozerne
119,Agosto,Harkins,aharkins3a@mediafire.com,55,Shiḩan as Suflá
120,Dalston,O'Flaherty,doflaherty3b@wunderground.com,63,Vallenar
121,Con,Hewins,chewins3c@tamu.edu,61,Dadong
122,Nonna,Casaroli,ncasaroli3d@abc.net.au,56,Gulrip’shi
123,Hollie,Laws,hlaws3e@biglobe.ne.jp,45,Chunghwa
124,Dona,Wank,dwank3f@ed.gov,50,Arenal
125,Felic,Blackaller,fblackaller3g@fc2.com,30,Spokoynaya
126,Dru,Swatton,dswatton3h@bing.com,22,Nabari
127,Missy,Ricciardiello,mricciardiello3i@amazon.de,48,Võhma
128,Vinny,MacCawley,vmaccawley3j@jugem.jp,74,Monte Patria
129,Denny,McCluney,dmccluney3k@tinyurl.com,68,McKinley
130,Gale,Sells,gsells3l@ihg.com,84,Gaoshibei
131,Abba,Conboy,aconboy3m@statcounter.com,21,Hadayang
132,Felix,Port,fport3n@who.int,77,Manalu
133,Rosalinda,Zecchii,rzecchii3o@delicious.com,59,Wang Nam Yen
134,Tedda,Levay,tlevay3p@parallels.com,72,Leuwipicung
135,Rossie,Birdfield,rbirdfield3q@businesswire.com,77,Guane
136,Lelah,Castagna,lcastagna3r@deliciousdays.com,32,Digah
137,Glynda,Severy,gsevery3s@homestead.com,69,Uppsala
138,Farrand,Beldum,fbeldum3t@delicious.com,58,Tulay na Lupa
139,Lorettalorna,Cracknell,lcracknell3u@free.fr,30,Roa
140,Wallis,Shirtliff,wshirtliff3v@sun.com,48,Vicente Guerrero
141,Evaleen,Stonman,estonman3w@boston.com,46,Yongfeng
142,Maje,Billiard,mbilliard3x@goo.gl,58,Nangewer
143,Matty,Sear,msear3y@printfriendly.com,77,Mapalacsiao
144,Pansie,Sall,psall3z@ezinearticles.com,67,København
145,Shadow,Gosswell,sgosswell40@examiner.com,59,Aksarka
146,Maura,Lambart,mlambart41@rediff.com,77,Balabac
147,Madelle,Bazell,mbazell42@technorati.com,66,Niigata-shi
148,Giraldo,Kingswood,gkingswood43@answers.com,42,Ferraz de Vasconcelos
149,Gail,Rooke,grooke44@live.com,44,Chantilly
150,Colet,Danilovich,cdanilovich45@i2i.jp,50,Bekwai
151,Agata,Crabb,acrabb46@noaa.gov,45,Tissa
152,Norene,Waldie,nwaldie47@chron.com,69,Jenamas
153,Andros,Swannell,aswannell48@bizjournals.com,43,Shipu
154,Denny,Lauthian,dlauthian49@netscape.com,43,Tabaquite
155,Nicholle,Gallemore,ngallemore4a@freewebs.com,63,Musawa
156,Michele,Sibylla,msibylla4b@berkeley.edu,64,Butterworth
157,Renaldo,Venton,rventon4c@apple.com,65,Messina
158,Merlina,Lorenc,mlorenc4d@netvibes.com,51,Sinait
159,Roana,Shapero,rshapero4e@theglobeandmail.com,34,Shawan
160,Ailis,Seifert,aseifert4f@wp.com,27,Kombissiri
161,Eleanore,Sousa,esousa4g@xrea.com,39,Sadao
162,Harcourt,Melloi,hmelloi4h@census.gov,51,Niquelândia
163,Portia,Pirazzi,ppirazzi4i@wikimedia.org,32,Barbudo
164,Bryan,Grestye,bgrestye4j@fema.gov,48,Ash Shaddādah
165,Winnie,Hacket,whacket4k@de.vu,53,Henghe
166,Guillema,Brave,gbrave4l@ed.gov,85,Darkton
167,Vania,Meriot,vmeriot4m@adobe.com,23,Ivanishchi
168,Adriano,Colquit,acolquit4n@cloudflare.com,80,Huillapima
169,Sid,Currell,scurrell4o@vinaora.com,62,Lowayu
170,Tobe,Jeannet,tjeannet4p@skyrock.com,18,Sipeng
171,Gerhardine,Winterton,gwinterton4q@ebay.com,20,Jeremi
172,Jereme,Axford,jaxford4r@alexa.com,78,Tanguá
173,Maura,Itzkovich,mitzkovich4s@tiny.cc,65,Okotoks
174,Siward,Tickel,stickel4t@goo.gl,25,Gaopu
175,Nicolette,Casado,ncasado4u@slashdot.org,46,Polkowice
176,Danya,Lippini,dlippini4v@unicef.org,60,Lyon
177,Witty,Gheeraert,wgheeraert4w@about.com,63,Kota Bharu
178,Paco,Boys,pboys4x@yahoo.co.jp,41,Permas
179,Garner,Rosenhaupt,grosenhaupt4y@biglobe.ne.jp,34,Simpang
180,Dodi,Robker,drobker4z@ehow.com,61,Ciherang
181,Andrey,Cescoti,acescoti50@yellowpages.com,67,Sovetskaya Gavan’
182,Orran,Darey,odarey51@arizona.edu,36,Carvalhal
183,Hi,Bartos,hbartos52@themeforest.net,18,Rucheng Chengguanzhen
184,Elia,Canepe,ecanepe53@qq.com,32,West End
185,Lind,Border,lborder54@webs.com,21,Ånge
186,Gael,Foffano,gfoffano55@youku.com,86,Yoshii
187,Nadeen,Yewen,nyewen56@bluehost.com,41,Oropéndolas
188,Merilee,Duckering,mduckering57@tinyurl.com,46,Lashkar Gāh
189,Delinda,Hawkeridge,dhawkeridge58@stanford.edu,22,Khāngāh Dogrān
190,Helenka,Shiel,hshiel59@cbslocal.com,86,Zaslawye
191,Jody,Woltering,jwoltering5a@bloglines.com,55,Mainri
192,Dorthy,Dineen,ddineen5b@bigcartel.com,83,Ar Ramthā
193,Olivia,Christer,ochrister5c@ed.gov,35,Baume-les-Dames
194,Bellina,Stickells,bstickells5d@devhub.com,72,Sofo-Birnin-Gwari
195,Cate,Delacourt,cdelacourt5e@jalbum.net,82,Götene
196,Durward,Copeland,dcopeland5f@oracle.com,60,Aíyira
197,Melony,Burnhams,mburnhams5g@techcrunch.com,82,Västerås
198,Mechelle,Dummett,mdummett5h@psu.edu,67,Orosh
199,Curt,Ainsbury,cainsbury5i@cdbaby.com,69,Zhongying
200,Dedie,Burleigh,dburleigh5j@jugem.jp,21,Mochishche
201,Murvyn,Kemwall,mkemwall5k@dailymotion.com,63,Koundara
202,Brett,Box,bbox5l@php.net,38,Yekaterinovka
203,Mallissa,Hender,mhender5m@ft.com,76,Dembeni
204,Kerrill,Terne,kterne5n@amazon.com,40,Jining
205,Dave,Tammadge,dtammadge5o@walmart.com,82,Jingping
206,Stevie,Noen,snoen5p@ycombinator.com,22,Sam Chuk
207,Delano,Vevers,dvevers5q@cdbaby.com,26,Shorko
208,Corey,Sulman,csulman5r@wikipedia.org,47,Jambesari
209,Joelly,Briddle,jbriddle5s@wordpress.org,45,Bang Mun Nak
210,Lane,Boyack,lboyack5t@blinklist.com,80,Dolo
211,Monte,McQuie,mmcquie5u@craigslist.org,59,Partenit
212,Augusta,Breadon,abreadon5v@abc.net.au,52,Al Jubayhah
213,Orazio,Biaggiotti,obiaggiotti5w@oracle.com,21,Pontevedra
214,Horatia,Lammin,hlammin5x@rediff.com,27,Jianxin
215,Fernanda,Serridge,fserridge5y@liveinternet.ru,69,Nantes
216,Chrysler,Sandever,csandever5z@wikia.com,45,Lubu
217,Nikkie,Pyffe,npyffe60@state.gov,74,Besukrejo
218,Lowrance,Maccaddie,lmaccaddie61@oaic.gov.au,62,Kota Kinabalu
219,Tammy,Purcell,tpurcell62@wix.com,59,Međa
220,Jobey,Kmietsch,jkmietsch63@usgs.gov,37,Kalāt-e Nāderī
221,Dulci,Tack,dtack64@twitter.com,40,Lourdes
222,Wells,Puckey,wpuckey65@independent.co.uk,42,Qigzhi
223,Joyan,Heigho,jheigho66@cornell.edu,38,Durham
224,Anabal,Stairmond,astairmond67@stumbleupon.com,59,Pertunmaa
225,Roderigo,Agglione,ragglione68@washington.edu,68,Lamam
226,Georgianne,Lisimore,glisimore69@dailymail.co.uk,86,Magsaysay
227,Jonie,Chester,jchester6a@merriam-webster.com,51,Cezi
228,Thornton,Elph,telph6b@archive.org,19,San Ignacio de Tupile
229,Yance,Ritter,yritter6c@studiopress.com,26,Wangkung
230,Sinclare,Klaffs,sklaffs6d@umich.edu,44,Springfield
231,Mirna,Grafton,mgrafton6e@theatlantic.com,34,Catriel
232,John,Chislett,jchislett6f@nydailynews.com,26,Pangligaran
233,Lauraine,Mattis,lmattis6g@sina.com.cn,49,Cawayan
234,Georgette,Meininger,gmeininger6h@blogs.com,38,Tokonou
235,Felicia,Whale,fwhale6i@seesaa.net,38,Svyatogorsk
236,Gayla,Towse,gtowse6j@tamu.edu,84,Dongxiao
237,Brion,Readshall,breadshall6k@archive.org,64,Jinxiu
238,Dinny,Vermer,dvermer6l@163.com,67,Nanwai
239,Kellie,Kencott,kkencott6m@photobucket.com,60,Mūḩ Ḩasan
240,Lelah,Drei,ldrei6n@bing.com,44,Yingyang
241,Ellie,Abberley,eabberley6o@noaa.gov,80,Manzë
242,Garner,Littlecote,glittlecote6p@youtu.be,23,Bilicenii Vechi
243,Lacey,Mixworthy,lmixworthy6q@issuu.com,80,Phichit
244,Yetta,Landsman,ylandsman6r@mit.edu,27,Tabuadelo
245,Kristoforo,Pentony,kpentony6s@alexa.com,58,Vágia
246,Tessi,Kalinowsky,tkalinowsky6t@qq.com,23,Hejiang
247,Leandra,La Vigne,llavigne6u@scribd.com,85,Ovalle
248,Cynthie,Briztman,cbriztman6v@geocities.jp,31,Prachamtakham
249,Hettie,Bowell,hbowell6w@list-manage.com,18,Belmullet
250,Ynes,Shotbolt,yshotbolt6x@vkontakte.ru,27,Karanggeneng
251,Lyle,Beretta,lberetta6y@businesswire.com,54,Aībak
252,Leese,Tibbotts,ltibbotts6z@stumbleupon.com,58,Butungan
253,Samson,Diggons,sdiggons70@hp.com,35,Želiv
254,Rozalie,Frisby,rfrisby71@uol.com.br,72,Huangtan
255,Kameko,Cast,kcast72@samsung.com,42,Jetaral
256,Harlan,Schoolcroft,hschoolcroft73@liveinternet.ru,28,Weyburn
257,Tremaine,Denslow,tdenslow74@reference.com,19,Pingdingbu
258,Bee,Venning,bvenning75@nyu.edu,26,Lomba
259,Morey,Forkan,mforkan76@alexa.com,47,Xiaowuzhan
260,Coleman,Prettejohns,cprettejohns77@buzzfeed.com,72,Debre Tabor
261,Hartley,Joynt,hjoynt78@unblog.fr,87,Ōmagari
262,Janeen,Banke,jbanke79@pagesperso-orange.fr,29,Shishi
263,Donnie,Stearley,dstearley7a@ucoz.ru,78,Río Segundo
264,Nathaniel,Pollard,npollard7b@gnu.org,60,Gāvbandī
265,Nikolas,Zavattiero,nzavattiero7c@constantcontact.com,34,Les Clayes-sous-Bois
266,Victor,MacGinney,vmacginney7d@unblog.fr,88,Tianxin
267,Marigold,Knevet,mknevet7e@ycombinator.com,52,Jand
268,Elga,Kearns,ekearns7f@omniture.com,19,Dajalorong
269,Sullivan,Raubheim,sraubheim7g@unesco.org,79,Jonkowo
270,Alyson,Permain,apermain7h@wix.com,72,Gaya
271,Fidole,Malin,fmalin7i@home.pl,69,San Pedro
272,Noni,Showering,nshowering7j@ted.com,60,Penghua
273,Cherida,Albrook,calbrook7k@sitemeter.com,68,Miracema
274,Moina,Hoppner,mhoppner7l@noaa.gov,20,Oulmes
275,Willi,Tunnoch,wtunnoch7m@pcworld.com,71,Kalidawe
276,Lona,Tesh,ltesh7n@blog.com,52,Baraba
277,Justine,Fawdry,jfawdry7o@bloomberg.com,49,Luhansk
278,Peter,Springtorpe,pspringtorpe7p@opera.com,54,Weihai
279,Josee,Paroni,jparoni7q@livejournal.com,62,Aracataca
280,Wernher,Bigby,wbigby7r@amazonaws.com,73,Pinoma
281,Hashim,Bampfield,hbampfield7s@usnews.com,48,Jivia
282,Brock,Shirrell,bshirrell7t@shutterfly.com,62,Vasyshcheve
283,Sofia,O'Doherty,sodoherty7u@dedecms.com,79,Quimbaya
284,Lanny,Brakewell,lbrakewell7v@ibm.com,77,Hassi Berkane
285,Marty,Batthew,mbatthew7w@pinterest.com,69,Escuintla
286,Nina,Blindermann,nblindermann7x@businesswire.com,51,Jishan
287,Leia,Passy,lpassy7y@scribd.com,23,Tacna
288,Lin,Floyd,lfloyd7z@studiopress.com,81,Los Juríes
289,Darill,Mintram,dmintram80@mediafire.com,56,Shizikeng
290,Jacynth,Burgher,jburgher81@oakley.com,30,Pasadena
291,Henrieta,Grutchfield,hgrutchfield82@surveymonkey.com,49,Pangani
292,Harmonia,Dresser,hdresser83@auda.org.au,51,Barrhead
293,Boyce,Blencoe,bblencoe84@sciencedaily.com,46,Chamical
294,Sigfrid,Oakeby,soakeby85@businessweek.com,41,Wilmington
295,Halimeda,Mival,hmival86@squidoo.com,69,Vista Hermosa
296,Renaldo,Tumielli,rtumielli87@ebay.com,58,Junín
297,Dulcinea,Sutherden,dsutherden88@dyndns.org,53,Sheli
298,Jelene,Theodoris,jtheodoris89@issuu.com,77,Koshigaya
299,Filippo,Vasyutochkin,fvasyutochkin8a@cornell.edu,86,Quimbaya
300,Lyndell,Iscowitz,liscowitz8b@hubpages.com,32,Furongqiao
301,Malina,Marin,mmarin8c@a8.net,58,Houbai
302,Lefty,Rodnight,lrodnight8d@accuweather.com,59,Tsivil’sk
303,Merell,Skeath,mskeath8e@slideshare.net,21,Ciparasi
304,Alvinia,Brinklow,abrinklow8f@lycos.com,82,Bayan Qagan
305,Angus,Crisp,acrisp8g@webmd.com,82,Montluçon
306,Carolin,Havile,chavile8h@blogtalkradio.com,81,Oebatu
307,Cletus,Gilsthorpe,cgilsthorpe8i@wix.com,46,Visby
308,Danita,Batcock,dbatcock8j@deviantart.com,38,Besançon
309,Clarie,Spino,cspino8k@edublogs.org,69,Noebana
310,Trey,Levin,tlevin8l@google.fr,74,Aldeia de Além
311,Reade,Dunseath,rdunseath8m@ocn.ne.jp,25,Una
312,Demetre,Sayers,dsayers8n@buzzfeed.com,75,Ouzini
313,Egbert,Forst,eforst8o@sphinn.com,21,Mobile
314,Tiffanie,Schuchmacher,tschuchmacher8p@springer.com,78,Nanning
315,Humfrid,Doxey,hdoxey8q@imgur.com,72,Corinto
316,Eberhard,Craw,ecraw8r@shinystat.com,22,Amadora
317,Bryce,Glassard,bglassard8s@addtoany.com,25,Nai Harn
318,Mora,Bolsteridge,mbolsteridge8t@geocities.com,40,Kaolack
319,Valry,Oldknowe,voldknowe8u@people.com.cn,88,Huangbu
320,Benedicto,Bittlestone,bbittlestone8v@infoseek.co.jp,76,Lowotukan
321,Brittan,Corradengo,bcorradengo8w@sphinn.com,39,Ell
322,Kareem,Penbarthy,kpenbarthy8x@example.com,33,Nyeri
323,Allina,Pratt,apratt8y@about.me,38,Gunungsubang
324,Clywd,Skatcher,cskatcher8z@zdnet.com,49,Vicente Guerrero
325,Henri,Guido,hguido90@ca.gov,27,Staryy Oskol
326,Hodge,Varvara,hvarvara91@altervista.org,70,Huyuan
327,Wildon,Cuniam,wcuniam92@upenn.edu,83,Khvalynsk
328,Olenka,Razzell,orazzell93@boston.com,23,Kedungringin
329,Alyda,Sorbey,asorbey94@imageshack.us,82,Cibogo
330,Selia,Rivallant,srivallant95@1und1.de,58,Miguel Hidalgo
331,Adelina,Yoodall,ayoodall96@biblegateway.com,53,Whittier
332,Noni,Bissex,nbissex97@salon.com,83,Asbestos
333,Martynne,Scheffel,mscheffel98@instagram.com,64,Cifuentes
334,Francene,Phoenix,fphoenix99@4shared.com,81,Xiangyang
335,Jeanne,Derks,jderks9a@prnewswire.com,61,Altavista
336,Violette,Orable,vorable9b@yandex.ru,78,Santa Bárbara
337,Marty,Guare,mguare9c@gnu.org,49,Bambanglipuro
338,Armin,Breakspear,abreakspear9d@wikipedia.org,87,General Manuel J. Campos
339,Raye,Pietruschka,rpietruschka9e@themeforest.net,45,Hamhŭng
340,Arne,Soaper,asoaper9f@de.vu,35,Pinhal da Marquesa
341,Christyna,Mattingly,cmattingly9g@google.pl,69,Tekeli
342,Sabine,Spoure,sspoure9h@youku.com,66,Lethem
343,Simonne,Lownds,slownds9i@weather.com,78,Växjö
344,Myrwyn,Warriner,mwarriner9j@ebay.co.uk,84,Saku
345,Hillyer,Atrill,hatrill9k@nba.com,23,Ikaalinen
346,Hobey,Goddman,hgoddman9l@slashdot.org,66,Tujing
347,Fidel,Dullaghan,fdullaghan9m@europa.eu,71,Samannūd
348,Osgood,Timoney,otimoney9n@angelfire.com,63,Chuoyuan
349,Jerrold,La Grange,jlagrange9o@apple.com,31,Priob’ye
350,Penelope,Radeliffe,pradeliffe9p@wikipedia.org,57,Pittsburgh
351,Prescott,Molesworth,pmolesworth9q@nih.gov,21,Bohai
352,Agna,Gahagan,agahagan9r@disqus.com,81,Aragua de Barcelona
353,Itch,Mc Coughan,imccoughan9s@phoca.cz,86,Arkalyk
354,Thaddeus,Ramsbottom,tramsbottom9t@free.fr,43,Pho Thale
355,Hill,Cutajar,hcutajar9u@123-reg.co.uk,88,Privlaka
356,Jephthah,Pechacek,jpechacek9v@goo.ne.jp,71,Fankeng
357,Adlai,Wix,awix9w@digg.com,22,Marsaxlokk
358,Quincey,Clineck,qclineck9x@whitehouse.gov,82,Antimácheia
359,Gerome,Langcaster,glangcaster9y@usnews.com,66,Singaraja
360,Ignacius,Wasielewicz,iwasielewicz9z@wikispaces.com,27,Taoyang
361,Jannel,Semper,jsempera0@huffingtonpost.com,44,Pogorzyce
362,Erinna,Haxby,ehaxbya1@google.de,63,Cambebba
363,Irving,Habbershon,ihabbershona2@comsenz.com,30,Spanish Town
364,Simonette,Hindmoor,shindmoora3@theatlantic.com,43,Malaga
365,Betty,Trynor,btrynora4@cnet.com,58,Clamart
366,Worth,Eard,wearda5@stanford.edu,20,Rafaḩ
367,Sidnee,Lush,slusha6@soundcloud.com,86,Aubenas
368,Ruthy,Davsley,rdavsleya7@moonfruit.com,18,Mainang
369,Tan,Mitchenson,tmitchensona8@tamu.edu,47,Mayisyan
370,Aubrette,Baldry,abaldrya9@google.pl,52,Nanhe
371,Jae,Blacker,jblackeraa@goo.gl,65,Ţafas
372,Renaldo,Burbank,rburbankab@behance.net,31,Concepción
373,Randolph,Liley,rlileyac@smh.com.au,86,Spanish Wells
374,Gail,Glavin,gglavinad@bravesites.com,79,Plaza Huincul
375,Marion,Elliott,melliottae@usda.gov,71,Shuqiao
376,Brian,Tant,btantaf@wiley.com,67,Pinaring
377,Joanne,Johnsee,jjohnseeag@engadget.com,39,Ti-n-Essako
378,Renee,Poplee,rpopleeah@who.int,20,Guri-si
379,Lebbie,Liston,llistonai@about.me,34,Jianshan
380,Joanna,Magister,jmagisteraj@issuu.com,50,Pysznica
381,Reg,Welbelove,rwelbeloveak@cnet.com,50,Loyola
382,Cosme,Haskey,chaskeyal@pinterest.com,46,Tyresö
383,Jillie,Scarffe,jscarffeam@accuweather.com,84,Yelizovo
384,Spencer,McElvogue,smcelvoguean@yahoo.com,52,Khlevnoye
385,Kayla,Scatcher,kscatcherao@jugem.jp,41,Taunoa
386,Etti,Woodington,ewoodingtonap@walmart.com,22,Jiulongshan
387,Reider,Lampaert,rlampaertaq@earthlink.net,75,Camino Real
388,Abrahan,Tubritt,atubrittar@bloglines.com,22,Nazareth
389,Amerigo,Calveley,acalveleyas@nymag.com,44,Hobscheid
390,Major,Stebbing,mstebbingat@technorati.com,28,Kirtipur
391,Danny,Weighell,dweighellau@harvard.edu,75,Jingtou
392,Ruttger,De Winton,rdewintonav@harvard.edu,35,Taytayan
393,Ninnetta,Greser,ngreseraw@bandcamp.com,76,Dortmund
394,Harold,Stonehewer,hstonehewerax@accuweather.com,47,Dengnan
395,Curr,Cottell,ccottellay@wikispaces.com,59,Tangkilsari
396,Austine,Buey,abueyaz@omniture.com,40,Beicheng
397,Ronna,Marielle,rmarielleb0@japanpost.jp,36,Selorejo
398,Vivie,Belmont,vbelmontb1@addtoany.com,62,Mohelnice
399,Abbey,Seares,asearesb2@xrea.com,77,Mandráki
400,Ernie,Punton,epuntonb3@dyndns.org,25,Luz de Tavira
401,Mateo,Rochell,mrochellb4@nyu.edu,61,Eqlīd
402,Charlene,Nias,cniasb5@nhs.uk,21,Liangshuihe
403,Edi,Gibbonson,egibbonsonb6@google.it,35,Sulmierzyce
404,Maddi,Bartlomiejczyk,mbartlomiejczykb7@imageshack.us,24,Aparecida do Taboado
405,Catina,Walklott,cwalklottb8@time.com,42,Quimper
406,Gard,Breslau,gbreslaub9@youtube.com,23,Terbangan
407,Minna,Floch,mflochba@blogtalkradio.com,69,Puerto Plata
408,Fran,Mereweather,fmereweatherbb@github.com,62,Dourados
409,Trisha,Scatcher,tscatcherbc@mediafire.com,26,Pointe-à-Pitre
410,Arte,Peery,apeerybd@spotify.com,42,Jiangzhang
411,Tanner,Burberye,tburberyebe@google.com.br,39,Zuénoula
412,Lyndel,Bitterton,lbittertonbf@accuweather.com,85,Cajamar
413,Esme,Ollett,eollettbg@live.com,84,Bieniewice
414,Nikolaus,McMichell,nmcmichellbh@go.com,47,Osieck
415,Winfred,Dobbins,wdobbinsbi@harvard.edu,66,Efeng
416,Ryon,Bootland,rbootlandbj@vinaora.com,77,Bagnères-de-Bigorre
417,Cate,Deverille,cdeverillebk@360.cn,74,Chengfeng
418,Freedman,Manske,fmanskebl@nbcnews.com,41,Akráta
419,Mathias,Sedgebeer,msedgebeerbm@nasa.gov,67,Bau
420,Catrina,Ritchings,critchingsbn@xrea.com,63,San Francisco
421,Eda,Lampbrecht,elampbrechtbo@joomla.org,88,Novoalekseyevskaya
422,Shannen,Huddart,shuddartbp@elegantthemes.com,51,Ubajami
423,Merell,Greenleaf,mgreenleafbq@psu.edu,75,Vsevolozhsk
424,Aksel,Gabala,agabalabr@oracle.com,75,Nocaima
425,Marcile,Gellately,mgellatelybs@livejournal.com,54,Chidian
426,Decca,Skone,dskonebt@nifty.com,26,Wangjiang
427,Chickie,Skirven,cskirvenbu@vkontakte.ru,30,Panjāb
428,Barbaraanne,Isakovic,bisakovicbv@irs.gov,43,Keelung
429,Ted,Boullen,tboullenbw@accuweather.com,68,Changling
430,La verne,Wellbank,lwellbankbx@sphinn.com,32,Bojongbenteng
431,Lucius,While,lwhileby@usa.gov,80,Mitrovicë
432,Anna-diane,Baldacchi,abaldacchibz@cdc.gov,19,Juan Adrián
433,Consalve,Fettis,cfettisc0@shutterfly.com,37,Reguenga
434,Pierson,Lasseter,plasseterc1@com.com,46,Catende
435,Killy,Sneaker,ksneakerc2@bing.com,58,Eséka
436,Basia,Hindenburg,bhindenburgc3@fotki.com,41,Jieshipu
437,Gary,Eastby,geastbyc4@unicef.org,73,El Arañado
438,Mervin,Lyddyard,mlyddyardc5@cmu.edu,54,Wenshang
439,Cesya,Huygens,chuygensc6@theatlantic.com,39,Novopskov
440,Justinian,Crebbin,jcrebbinc7@weather.com,58,Guanshan
441,Corine,Westoll,cwestollc8@devhub.com,54,Vis
442,Durand,Overington,doveringtonc9@flavors.me,42,Miami
443,Verge,Briance,vbrianceca@weibo.com,52,Macapá
444,Beverie,Nattriss,bnattrisscb@mediafire.com,32,Ancol
445,Hurleigh,Shergill,hshergillcc@businessinsider.com,19,Tiabaya
446,Vannie,Scrowson,vscrowsoncd@mit.edu,71,Sison
447,Latrina,Trebbett,ltrebbettce@vistaprint.com,18,San Nicolas
448,Costa,Hairsine,chairsinecf@omniture.com,83,Kafr Qūd
449,Lemmie,Geldeard,lgeldeardcg@ebay.com,40,Pakel
450,Gage,Tincknell,gtincknellch@china.com.cn,89,Wādī al ‘Uyūn
451,Angelia,Issard,aissardci@bloglovin.com,71,Novotroitsk
452,Carmen,Isacsson,cisacssoncj@jugem.jp,81,Yunshan
453,Ricca,Chsteney,rchsteneyck@time.com,36,Bondoukou
454,Celle,Pococke,cpocockecl@google.co.uk,63,Huangjingba
455,Stella,Fonteyne,sfonteynecm@whitehouse.gov,24,Caracol
456,Sax,Silliman,ssillimancn@w3.org,80,Lorena
457,Skipton,Brosius,sbrosiusco@fc2.com,87,Novyye Kuz’minki
458,Bernie,Cruttenden,bcruttendencp@is.gd,42,Sukaraharja
459,Iseabal,MacCaughen,imaccaughencq@phoca.cz,39,Londres
460,Graeme,Breen,gbreencr@army.mil,41,Yarīm
461,Andra,Quigg,aquiggcs@photobucket.com,33,Gamleby
462,Luce,Derell,lderellct@va.gov,61,Chixi
463,Halsey,Sexon,hsexoncu@mtv.com,43,Concepción de Ataco
464,Donella,Prandi,dprandicv@sun.com,28,Buda-Kashalyova
465,Travis,Risby,trisbycw@phpbb.com,66,Sonzacate
466,Donelle,Coughtrey,dcoughtreycx@apache.org,50,Hiroshima-shi
467,Sherry,McKerron,smckerroncy@nytimes.com,39,Bondy
468,Guinna,Cappleman,gcapplemancz@statcounter.com,59,Marolambo
469,Kendre,Oak,koakd0@multiply.com,86,Belogorskīy
470,Mikkel,Voce,mvoced1@youtu.be,29,Marseille
471,Bartlet,Giacoppoli,bgiacoppolid2@ibm.com,60,Lai Cách
472,Caron,Garley,cgarleyd3@foxnews.com,56,Châteaudun
473,Madlin,Bloomfield,mbloomfieldd4@technorati.com,76,Independencia
474,Isak,Bezant,ibezantd5@shareasale.com,33,Liurenba
475,Farrell,Baswall,fbaswalld6@unesco.org,67,Cileles
476,Ariela,Cowl,acowld7@live.com,71,Svay Rieng
477,Clementina,Markel,cmarkeld8@cnbc.com,48,Badulla
478,Rasia,Lambden,rlambdend9@rediff.com,40,Grębów
479,Caprice,Dingle,cdingleda@sourceforge.net,45,Luna
480,Reid,Pane,rpanedb@dot.gov,21,Carvalhal
481,Bailey,Dillway,bdillwaydc@artisteer.com,66,Cosmópolis
482,Federica,Gulk,fgulkdd@hugedomains.com,26,Awar-awar
483,Buddie,Daddow,bdaddowde@newsvine.com,27,Sharjah
484,Irvine,Stentiford,istentiforddf@state.tx.us,35,Yermolayevo
485,Marquita,Fremantle,mfremantledg@storify.com,69,Los Andes
486,Homere,Krolik,hkrolikdh@yolasite.com,82,Wailang
487,Benedetto,Ovid,boviddi@elegantthemes.com,65,Torslanda
488,Robbie,Knevett,rknevettdj@w3.org,69,Chocope
489,Benji,Dannell,bdannelldk@topsy.com,45,São Sebastião
490,Kathye,Adamsen,kadamsendl@phoca.cz,79,Alor Setar
491,Marsha,Dannett,mdannettdm@youtube.com,49,Meishan
492,Sheena,Haney,shaneydn@archive.org,72,Tembongraja
493,Hadlee,Caves,hcavesdo@prnewswire.com,81,Pingtian
494,Berta,Sills,bsillsdp@quantcast.com,22,Laprida
495,Jenifer,Sparsholt,jsparsholtdq@npr.org,47,Stockholm
496,Babbette,Habin,bhabindr@businessweek.com,25,Checun
497,Agnola,Groocock,agroocockds@php.net,47,Murcia
498,Storm,Jeffreys,sjeffreysdt@tinypic.com,33,Tanalt
499,Barbey,Rouchy,brouchydu@usatoday.com,64,Vuka
500,Adelbert,Ivison,aivisondv@pen.io,38,Norrahammar
501,Emilia,Cocci,ecoccidw@columbia.edu,51,Dassa-Zoumé
502,Ronnica,Scramage,rscramagedx@spiegel.de,49,Pavia
503,Carlina,Harriman,charrimandy@feedburner.com,79,Nagano-shi
504,Linc,Lowthian,llowthiandz@sciencedaily.com,75,Ecroignard
505,Pietro,Sloam,psloame0@eepurl.com,28,Pilcuyo
506,Freda,Pinor,fpinore1@blogs.com,84,Bitaogan
507,Mattias,Peach,mpeache2@ehow.com,69,Botshabelo
508,Koren,Canet,kcanete3@pbs.org,19,Ha’erlong
509,Odie,Gallafant,ogallafante4@google.it,37,Ithari
510,Francesca,Rich,friche5@fastcompany.com,22,Le Mans
511,Carce,Borgnol,cborgnole6@nymag.com,48,Nacka
512,Anders,Burchard,aburcharde7@upenn.edu,27,Hienghène
513,Ketti,Lloyd-Williams,klloydwilliamse8@japanpost.jp,88,Fershampenuaz
514,Becca,Goard,bgoarde9@ovh.net,37,Reims
515,Mae,Coxwell,mcoxwellea@geocities.jp,67,Evinayong
516,Terri-jo,Lumber,tlumbereb@wordpress.org,32,Fenglu
517,Vivian,Cossar,vcossarec@weibo.com,37,Nakhon Nayok
518,Domenic,Lawrenceson,dlawrencesoned@sohu.com,69,Xiaoshanzi
519,Peria,Van Halen,pvanhalenee@ucla.edu,59,Sadowie
520,Lucien,Gooms,lgoomsef@newyorker.com,60,Krajan
521,Dorolice,Bowfin,dbowfineg@imdb.com,78,Barão de São Miguel
522,Sibby,Nutkins,snutkinseh@bandcamp.com,35,Shangyi
523,Gloriane,Bendtsen,gbendtsenei@howstuffworks.com,82,Qiying
524,Remington,Brissenden,rbrissendenej@godaddy.com,33,Kawit
525,Baxy,Krzyzanowski,bkrzyzanowskiek@stanford.edu,75,Nashville
526,Jard,Fillgate,jfillgateel@telegraph.co.uk,20,Al Khirāb
527,Lauritz,Poulson,lpoulsonem@goodreads.com,79,Hidalgo
528,Abeu,Spirit,aspiriten@quantcast.com,18,Huangzhan
529,Osbert,Squibbes,osquibbeseo@woothemes.com,36,Retkovci
530,Sherline,Girdler,sgirdlerep@howstuffworks.com,82,Göteborg
531,Kane,Mulholland,kmulhollandeq@bravesites.com,60,Kaliuda
532,Alaric,Deary,adearyer@opensource.org,66,Baruchowo
533,Rosemaria,Eykelhof,reykelhofes@buzzfeed.com,40,Bago
534,Cori,Abrashkin,cabrashkinet@uiuc.edu,34,Xingzhen
535,Dione,Balaison,dbalaisoneu@about.me,45,Dvinskoy
536,Vikky,Macoun,vmacounev@123-reg.co.uk,30,Moya
537,Abdel,Forty,afortyew@list-manage.com,53,Ouango
538,Margarete,Froome,mfroomeex@dmoz.org,68,Länsi-Turunmaa
539,Ara,Mincher,amincherey@rambler.ru,56,Quiruvilca
540,Omar,Craigheid,ocraigheidez@over-blog.com,54,Shikhazany
541,Elijah,Cammis,ecammisf0@shinystat.com,31,Akademicheskoe
542,Norean,Alenichicov,nalenichicovf1@scribd.com,81,Novyy Oskol
543,Elsey,De Ath,edeathf2@ifeng.com,87,Jurva
544,Sarine,Imlock,simlockf3@twitter.com,89,Fengshuling
545,Fania,Sherebrooke,fsherebrookef4@gnu.org,54,Velké Němčice
546,Florenza,Brinsford,fbrinsfordf5@vk.com,47,Antabamba
547,Eadie,Tender,etenderf6@diigo.com,72,Palestina
548,Fionna,Maclean,fmacleanf7@fc2.com,64,Železný Brod
549,Brigitte,Iuorio,biuoriof8@t.co,70,Glogovac
550,Lavinia,Brownhall,lbrownhallf9@smh.com.au,57,Vitanje
551,Erminia,Dain,edainfa@digg.com,52,Nowa Sarzyna
552,Gwynne,Cartmell,gcartmellfb@ftc.gov,37,Yazykovo
553,Fina,Deaves,fdeavesfc@amazon.de,72,Melíssia
554,Izabel,Jacquemet,ijacquemetfd@goo.ne.jp,20,‘Anat al Qadīmah
555,Frederigo,Bottelstone,fbottelstonefe@mozilla.org,69,Bełchatów
556,Betta,Vobes,bvobesff@opensource.org,72,Huangjinjing
557,Zandra,Skin,zskinfg@multiply.com,54,Brakas
558,Paxton,Garrique,pgarriquefh@nationalgeographic.com,32,Huating
559,Conway,Fridd,cfriddfi@google.fr,29,Xiaolan
560,Artemis,Harfoot,aharfootfj@ehow.com,23,Krajan Timur Mlokorejo
561,Berky,Powis,bpowisfk@google.com,77,Moche
562,Jyoti,Bufton,jbuftonfl@epa.gov,64,Longhe
563,Devora,Gurton,dgurtonfm@gmpg.org,76,Manna
564,Deeann,Labrow,dlabrowfn@google.nl,41,Yongle
565,Claudie,Russan,crussanfo@nps.gov,52,Kachia
566,Ethelind,Thresh,ethreshfp@simplemachines.org,36,Zangbi
567,Waylon,Tabourier,wtabourierfq@ucla.edu,52,Sulangan
568,Heda,West-Frimley,hwestfrimleyfr@macromedia.com,78,Biograd na Moru
569,Ted,Attenbrow,tattenbrowfs@ow.ly,63,Tulay
570,Martita,Bridge,mbridgeft@histats.com,60,Nikolayevskaya
571,Axel,Aksell,aaksellfu@plala.or.jp,40,Puttalam
572,Shayla,Speir,sspeirfv@sogou.com,76,Yoshii
573,Mario,Gunson,mgunsonfw@imgur.com,25,As Suwaydā’
574,Lorry,Perigoe,lperigoefx@aol.com,30,Villejuif
575,Ilyse,Saur,isaurfy@rakuten.co.jp,39,Kyzyl-Burun
576,Armstrong,Byles,abylesfz@techcrunch.com,79,El Tablón
577,Ario,Gain,againg0@foxnews.com,23,Quảng Ngãi
578,Emanuel,Fewtrell,efewtrellg1@vk.com,57,Sīlat al Ḩārithīyah
579,Coralyn,Lowe,cloweg2@vimeo.com,24,Shanghu
580,Karisa,Swede,kswedeg3@bloomberg.com,44,Kumagaya
581,Marga,Tweddle,mtweddleg4@state.tx.us,35,Gogosuket
582,Elie,Gircke,egirckeg5@godaddy.com,74,Smederevska Palanka
583,Didi,Lidbetter,dlidbetterg6@delicious.com,63,Mporokoso
584,Kaycee,Ahrens,kahrensg7@joomla.org,73,L-Iklin
585,Jorge,Giddens,jgiddensg8@github.io,30,Hegarsari
586,Berti,Mowsdell,bmowsdellg9@salon.com,24,Ciparasi
587,Ham,Gooders,hgoodersga@hostgator.com,80,Laon
588,Harman,Lillie,hlilliegb@nature.com,66,Cachoeira
589,Nickola,Figger,nfiggergc@ucla.edu,36,Eixo
590,Ashely,Marke,amarkegd@samsung.com,54,Vranje
591,Olympie,Hele,ohelege@zdnet.com,38,Turośń Kościelna
592,Brett,Gladdis,bgladdisgf@is.gd,37,Juarez
593,Casandra,Rustich,crustichgg@behance.net,36,San Pedro Ayampuc
594,Giffy,Oleszkiewicz,goleszkiewiczgh@cloudflare.com,83,Maogang
595,Marcellus,McTeggart,mmcteggartgi@bbc.co.uk,39,Panenjoan
596,Naomi,Dysert,ndysertgj@over-blog.com,28,Selaparang Timur
597,Jolie,Kitchingman,jkitchingmangk@livejournal.com,33,Lang
598,Kessia,Juanico,kjuanicogl@patch.com,44,São José dos Campos
599,Carie,Iddens,ciddensgm@amazon.co.uk,81,Ipoh
600,Inness,Christauffour,ichristauffourgn@msn.com,83,Wuṯahpūr
601,Fidole,Tatford,ftatfordgo@ucsd.edu,39,Spas-Klepiki
602,Alissa,Arro,aarrogp@apple.com,35,Azul
603,Helen,Dargavel,hdargavelgq@irs.gov,35,Lazaro Cardenas
604,Roshelle,Keymar,rkeymargr@statcounter.com,23,Richmond
605,Andrei,Frushard,afrushardgs@google.co.uk,78,Gaojimiao
606,Ingaberg,Tweedlie,itweedliegt@google.it,35,Mitrofanovka
607,Hobart,Aggus,haggusgu@wikipedia.org,30,Koltubanovskiy
608,Towny,Suermeier,tsuermeiergv@loc.gov,35,Tân Hiệp
609,Chick,Manifold,cmanifoldgw@msn.com,67,Jalaud
610,Tomaso,Dashper,tdashpergx@wisc.edu,23,Bhāi Pheru
611,Calhoun,Cragoe,ccragoegy@cam.ac.uk,49,Santa María de Caparo
612,Karola,Moncaster,kmoncastergz@virginia.edu,39,Columbus
613,Milena,Haggart,mhaggarth0@technorati.com,45,Malandag
614,Leonidas,Snasdell,lsnasdellh1@topsy.com,50,Nan’an
615,Gayleen,Cubbit,gcubbith2@ucsd.edu,56,Podstepki
616,Gerri,Jayes,gjayesh3@home.pl,23,Néos Skopós
617,Jandy,Jagielski,jjagielskih4@google.es,53,Oslo
618,Maud,Crother,mcrotherh5@geocities.com,50,Kabacan
619,Thibaut,Summons,tsummonsh6@cdbaby.com,61,Kodra
620,Roger,MacDunleavy,rmacdunleavyh7@hexun.com,24,Luniao
621,Bamby,Copin,bcopinh8@usgs.gov,47,Shūsh
622,Ilka,Allibone,ialliboneh9@digg.com,59,Dapeng
623,Drusy,Eronie,deronieha@umich.edu,88,Doba
624,Radcliffe,Byrnes,rbyrneshb@alibaba.com,30,Vällingby
625,Britte,Crossdale,bcrossdalehc@purevolume.com,30,Czyżowice
626,Marmaduke,Kopps,mkoppshd@imageshack.us,41,Plereyan
627,Deeyn,Vallery,dvalleryhe@pinterest.com,25,Novosin’kovo
628,Atlante,Colclough,acolcloughhf@ihg.com,36,Dalududalu
629,Merrielle,Plank,mplankhg@i2i.jp,73,Pudoc North
630,Rodina,Haug,rhaughh@fastcompany.com,67,Torino
631,Amitie,Daniau,adaniauhi@xinhuanet.com,55,Zhuji
632,Jacquelynn,Lippi,jlippihj@yellowpages.com,51,Zhongxiao
633,Alanson,Corsar,acorsarhk@hibu.com,68,Kallithéa
634,Lay,Cheng,lchenghl@thetimes.co.uk,45,Morioka-shi
635,Joni,Stranaghan,jstranaghanhm@bigcartel.com,89,Liliana
636,Arlin,Loosely,alooselyhn@forbes.com,74,Yanhong
637,Gloriana,Sholl,gshollho@a8.net,47,Tariji
638,Valentine,Escritt,vescritthp@issuu.com,22,Steblevë
639,Milka,Winder,mwinderhq@spiegel.de,87,Tīkāpur
640,Ozzie,Waskett,owasketthr@tripod.com,41,Sirinhaém
641,Adelaide,Yurikov,ayurikovhs@360.cn,86,Omigawa
642,Abbi,Rolls,arollsht@ebay.co.uk,48,Tuapse
643,Shane,De Hooch,sdehoochhu@mtv.com,83,Temirtau
644,Rutledge,Grant,rgranthv@wikia.com,44,Laško
645,Wilbur,Lundbech,wlundbechhw@lulu.com,81,El Rincón
646,Vale,Molyneaux,vmolyneauxhx@google.es,65,Panadura
647,Konstance,Morde,kmordehy@pagesperso-orange.fr,85,Hongqi Yingzi
648,Vasili,Carmody,vcarmodyhz@123-reg.co.uk,77,Thị Trấn Hát Lót
649,Schuyler,Blumson,sblumsoni0@oaic.gov.au,34,Tabu
650,Ario,Mazzilli,amazzillii1@addthis.com,81,Mongo
651,Lucretia,Glassard,lglassardi2@usda.gov,33,Tanqiao
652,Burtie,Ewells,bewellsi3@naver.com,25,Alilem
653,Lorenzo,Doughty,ldoughtyi4@nps.gov,33,Andrushivka
654,Dolf,Fifoot,dfifooti5@yandex.ru,53,Ainaži
655,Prue,Roskelly,proskellyi6@icio.us,44,Tallahassee
656,Flemming,Gibbin,fgibbini7@ocn.ne.jp,44,Dengnan
657,Dalli,Rigg,driggi8@narod.ru,46,Klenje
658,Jackie,Marvin,jmarvini9@wired.com,58,Alofi
659,Brock,Gunny,bgunnyia@phoca.cz,21,Kangasala
660,Blakeley,Dood,bdoodib@msu.edu,46,Karanggeneng
661,Rosemaria,Summerley,rsummerleyic@latimes.com,43,Xiekou
662,Erin,O'Duane,eoduaneid@360.cn,52,Tapel
663,Teodorico,St. Queintain,tstqueintainie@1und1.de,19,Cové
664,Blisse,Matevushev,bmatevushevif@icio.us,45,Brok
665,Beryl,Pavlasek,bpavlasekig@mysql.com,76,Caicun
666,Eydie,Remington,eremingtonih@chronoengine.com,69,Nesterov
667,Adria,Brunet,abrunetii@clickbank.net,28,Tío Pujio
668,Normie,Startin,nstartinij@blogger.com,25,Binlod
669,Berthe,Benson,bbensonik@cnn.com,74,San Miguel
670,Biron,Tremontana,btremontanail@clickbank.net,40,Rio de Mouro
671,Abraham,Klambt,aklambtim@cmu.edu,72,Jinshanzui
672,Arman,Roxbee,aroxbeein@cornell.edu,50,Yanghong
673,Keary,Girk,kgirkio@ocn.ne.jp,64,Sezures
674,Veronique,Daughtrey,vdaughtreyip@amazon.de,25,Acas
675,Westleigh,Sherston,wsherstoniq@alibaba.com,67,Yaroslavskaya
676,Cheslie,Hibling,chiblingir@marriott.com,62,Bukomansimbi
677,Lucy,Jenman,ljenmanis@4shared.com,28,Surovikino
678,Gianni,Gipp,ggippit@berkeley.edu,58,Beiwa
679,Roseanna,Whiteoak,rwhiteoakiu@arstechnica.com,43,Stockholm
680,Ashlan,Cymper,acymperiv@fotki.com,79,Tagawa
681,Caron,Shillitto,cshillittoiw@simplemachines.org,20,Laxiong
682,Colas,Yggo,cyggoix@reddit.com,19,Yanjiang
683,Bartholemy,Lavalde,blavaldeiy@auda.org.au,27,Changlong
684,Abagail,Stivens,astivensiz@slashdot.org,66,Vilufushi
685,Margret,Vasentsov,mvasentsovj0@360.cn,81,Lomma
686,Merl,Greggs,mgreggsj1@ameblo.jp,55,Patayac
687,Sheree,Kitcherside,skitchersidej2@tinypic.com,51,Amadeo
688,Tamera,Cardenas,tcardenasj3@odnoklassniki.ru,75,Maghār
689,Alida,Barfford,abarffordj4@army.mil,53,Zhenlong
690,Bidget,Traice,btraicej5@i2i.jp,21,Jansenville
691,Reid,Nevinson,rnevinsonj6@hhs.gov,73,Tuusula
692,Garth,Noller,gnollerj7@timesonline.co.uk,43,Pulian
693,Zilvia,Sambrook,zsambrookj8@ucoz.com,43,Starominskaya
694,Glen,Mosedill,gmosedillj9@va.gov,73,Wates
695,Borden,Sirmond,bsirmondja@msn.com,45,Kungsbacka
696,Reg,Forseith,rforseithjb@networkadvertising.org,51,Villa Nueva
697,Gae,Dunk,gdunkjc@google.co.uk,73,Nantes
698,Cherish,Petican,cpeticanjd@zimbio.com,84,Donghai
699,Isak,Clapshaw,iclapshawje@twitpic.com,52,Selenicë
700,Kristos,Borge,kborgejf@quantcast.com,37,Old Harbour Bay
701,Angelle,Cooch,acoochjg@deliciousdays.com,62,Hujra
702,Carr,Cecchi,ccecchijh@hatena.ne.jp,87,Ilagan
703,Addison,Terris,aterrisji@un.org,29,Stary Sącz
704,Leonid,Grishagin,lgrishaginjj@g.co,28,Ostrówek
705,Stacee,Northeast,snortheastjk@omniture.com,58,Ivanivka
706,Erik,Antonelli,eantonellijl@deviantart.com,83,Bulakan
707,Bidget,Bamlet,bbamletjm@bluehost.com,50,Antagan Segunda
708,Ryan,Trevillion,rtrevillionjn@eventbrite.com,85,Jiangluo
709,Gypsy,Fowles,gfowlesjo@samsung.com,73,Danao
710,Shay,Coarser,scoarserjp@google.fr,27,Hwangju-ŭp
711,Guthrie,Elix,gelixjq@hao123.com,32,Ripky
712,Teddie,Prescott,tprescottjr@hp.com,28,Podstepki
713,Celinka,Standall,cstandalljs@webs.com,53,Shuangzhu
714,Angelika,De Beauchamp,adebeauchampjt@nydailynews.com,61,Taifu
715,Pavia,Kleewein,pkleeweinju@ft.com,23,Mijiang
716,Frederigo,Doveston,fdovestonjv@state.tx.us,53,Caen
717,Merna,Grahlmans,mgrahlmansjw@hexun.com,59,Singapore
718,Lisle,Holt,lholtjx@dyndns.org,26,Xilópolis
719,Penrod,McGaugan,pmcgauganjy@opensource.org,46,Pubal
720,Broderick,Philo,bphilojz@jimdo.com,32,Malo
721,Claudie,Dyos,cdyosk0@php.net,46,Yangfeng
722,Luther,Licciardiello,llicciardiellok1@columbia.edu,32,Yong’an
723,Megen,Matyas,mmatyask2@webmd.com,40,Moose Jaw
724,Perrine,Brannigan,pbrannigank3@symantec.com,44,Belém
725,Kain,Britten,kbrittenk4@disqus.com,34,Hushaat
726,Fitz,Tratton,ftrattonk5@bluehost.com,70,Santa Rosa de Cabal
727,Gusta,Pache,gpachek6@pbs.org,75,Kananya
728,Theo,Radband,tradbandk7@japanpost.jp,76,Ras al-Khaimah
729,Binni,O'Neary,bonearyk8@51.la,78,Visim
730,Dennie,Buckthorp,dbuckthorpk9@slashdot.org,42,Haozhai
731,Whitney,Liley,wlileyka@arstechnica.com,66,Río de Oro
732,Reilly,MacAdam,rmacadamkb@google.com.hk,29,Longos
733,Corene,Connor,cconnorkc@chron.com,85,Xijiang
734,Ashla,Reicharz,areicharzkd@accuweather.com,62,Tangdukou
735,Billy,Rogge,broggeke@noaa.gov,24,Bucaramanga
736,Bertram,Ipgrave,bipgravekf@wisc.edu,51,Cambrai
737,Maurise,Phizackerly,mphizackerlykg@edublogs.org,63,Santa Nino
738,Ricoriki,Derrington,rderringtonkh@imageshack.us,18,Usicayos
739,Emalia,Spelman,espelmanki@wunderground.com,84,Colombia
740,Adrianne,Westpfel,awestpfelkj@psu.edu,77,Sulang Tengah
741,Astra,Remirez,aremirezkk@google.ca,56,Rudka
742,Josh,Dawtry,jdawtrykl@admin.ch,78,Daliu
743,Debra,McCrisken,dmccriskenkm@photobucket.com,89,Quimperlé
744,Vivie,Isson,vissonkn@weibo.com,57,Hangou
745,Rustin,Tendahl,rtendahlko@hao123.com,70,Bulongji
746,Clarabelle,Dobell,cdobellkp@yahoo.com,64,Krugersdorp
747,Brianne,Droghan,bdroghankq@toplist.cz,70,Shumikhinskiy
748,Tuckie,Sommerton,tsommertonkr@webeden.co.uk,26,Karangbungur
749,Lucian,Maudlin,lmaudlinks@wisc.edu,69,Birinci Aşıqlı
750,Harrie,Frays,hfrayskt@sitemeter.com,28,Valsamáta
751,Domini,Roles,drolesku@apple.com,54,Agra
752,Randolph,Ferrai,rferraikv@cbc.ca,76,Khuean Ubonrat
753,Honey,Proven,hprovenkw@opera.com,74,Bibiani
754,Martin,Saket,msaketkx@reuters.com,63,Mandala
755,Archaimbaud,Gallant,agallantky@delicious.com,77,Patong
756,Robers,Killingback,rkillingbackkz@latimes.com,74,San Carlos
757,Tim,Blanche,tblanchel0@t-online.de,43,Frydrychowice
758,Jaye,Chasson,jchassonl1@house.gov,20,Pocito
759,Corey,Collyear,ccollyearl2@msn.com,52,Svetogorsk
760,Stephenie,Bambrough,sbambroughl3@bloglovin.com,21,Salimbalan
761,Jaquenette,Sinkings,jsinkingsl4@newsvine.com,31,Haizigou
762,Darrelle,Spleving,dsplevingl5@wikispaces.com,63,Shixian
763,Jessie,Wybrow,jwybrowl6@live.com,42,Yylanly
764,Broderick,Duff,bduffl7@fda.gov,56,Mache
765,Penny,Leatt,pleattl8@tripadvisor.com,49,Pak Kret
766,Delphinia,Blanchet,dblanchetl9@bloomberg.com,50,Gulod
767,Hamil,Brookhouse,hbrookhousela@aboutads.info,35,Sviblovo
768,Sanders,Scarth,sscarthlb@hp.com,26,San Julian
769,Heidi,Coyett,hcoyettlc@nydailynews.com,79,Bailu
770,Blayne,Wegman,bwegmanld@newyorker.com,41,Youkaichi
771,Palmer,Treswell,ptreswellle@unesco.org,52,Ogwashi-Uku
772,Shawn,Nanetti,snanettilf@spotify.com,72,Yingdianjie
773,Eugenius,Breckwell,ebreckwelllg@icq.com,52,Ambatolaona
774,Remus,Luckwell,rluckwelllh@prlog.org,88,Kericho
775,Tani,Pampling,tpamplingli@statcounter.com,20,Kilmacanoge
776,Chris,Ropp,cropplj@networksolutions.com,47,Andradas
777,Darrin,McGillicuddy,dmcgillicuddylk@sohu.com,78,Toulon
778,Rickie,Formigli,rformiglill@seesaa.net,44,Monastyrishche
779,Jandy,Wasbey,jwasbeylm@edublogs.org,44,Bouaflé
780,Herrick,O'Meara,homearaln@samsung.com,49,Czerniewice
781,Simone,Poulsum,spoulsumlo@intel.com,84,Ivanivka
782,Henderson,Beushaw,hbeushawlp@forbes.com,42,Wetzlar
783,Nicky,Heyfield,nheyfieldlq@globo.com,60,Rakvere
784,Silvester,Robrose,srobroselr@photobucket.com,20,Irkutsk
785,Barny,Trussell,btrussellls@alexa.com,72,Strzelce
786,Collin,Bortolozzi,cbortolozzilt@stumbleupon.com,21,Al ‘Azīzīyah
787,Brittany,Arsey,barseylu@theglobeandmail.com,49,Trairi
788,Salaidh,Andres,sandreslv@newyorker.com,74,Jingshan
789,Adriaens,Labbati,alabbatilw@cbc.ca,59,Kremenki
790,Carleen,Oneill,coneilllx@storify.com,18,Hostouň
791,Maje,Camerati,mcameratily@pagesperso-orange.fr,30,Torino
792,Freida,Simoes,fsimoeslz@mit.edu,35,Karangbungur
793,Kristine,Ambrogelli,kambrogellim0@de.vu,64,Bystrzyca
794,Nona,Antram,nantramm1@ycombinator.com,37,Pospelikha
795,Audrie,Delos,adelosm2@prnewswire.com,51,Fort Lauderdale
796,Willyt,Ricardo,wricardom3@salon.com,46,Kazinka
797,Quinton,Mills,qmillsm4@cmu.edu,46,Yingjiang
798,Pepillo,Atthowe,patthowem5@jiathis.com,73,Al Madān
799,Witty,Oldall,woldallm6@tuttocitta.it,73,Štěnovice
800,Jocelin,Wernham,jwernhamm7@de.vu,54,Obigarm
801,Reggie,McGookin,rmcgookinm8@google.pl,43,Cañada de Gómez
802,Patin,MacIlory,pmacilorym9@sciencedirect.com,59,Smimou
803,Karylin,Breitling,kbreitlingma@joomla.org,74,Boucinhas
804,Troy,Kinkade,tkinkademb@multiply.com,55,Vir
805,Amalle,Pendergast,apendergastmc@soup.io,21,Ypacarai
806,Basile,Byrom,bbyrommd@skyrock.com,83,Sijiqing
807,Gaultiero,Bolger,gbolgerme@omniture.com,42,Yoiqag
808,Udell,Habden,uhabdenmf@elpais.com,74,Jōetsu
809,Stephi,Cullip,scullipmg@ask.com,49,Skënderbegas
810,Alexio,Solloway,asollowaymh@myspace.com,33,Daijiaba
811,Kelley,Levecque,klevecquemi@rediff.com,68,Arauco
812,Onfre,Cason,ocasonmj@nationalgeographic.com,84,Ruo
813,Elie,Hartzenberg,ehartzenbergmk@reddit.com,20,Vairão
814,Marius,Cejka,mcejkaml@1688.com,42,Takeo
815,Janot,Gozney,jgozneymm@nationalgeographic.com,57,Donghu
816,Margalo,Riding,mridingmn@weibo.com,73,Nove-Misto
817,Irwin,Blanshard,iblanshardmo@yolasite.com,23,Nankou
818,Bren,Minihan,bminihanmp@eventbrite.com,41,Palon
819,Luigi,Leak,lleakmq@rambler.ru,64,Broniszewice
820,Carson,Doyland,cdoylandmr@europa.eu,70,Gyangqai
821,Nichols,Fadell,nfadellms@usgs.gov,46,Stěbořice
822,Galvin,Motherwell,gmotherwellmt@bigcartel.com,79,Przelewice
823,Stanford,Gonsalo,sgonsalomu@desdev.cn,38,Changuinola
824,Sydney,Cramb,scrambmv@vimeo.com,85,Kumla
825,Nollie,Garfath,ngarfathmw@dagondesign.com,83,Phon Charoen
826,Lou,Lye,llyemx@nba.com,40,Juradó
827,Allissa,Scrooby,ascroobymy@mozilla.org,35,Mulyadadi
828,Adan,Mumbey,amumbeymz@huffingtonpost.com,52,Compiègne
829,Layne,Bagby,lbagbyn0@economist.com,23,Khotiv
830,Nahum,Basden,nbasdenn1@cmu.edu,28,Akora
831,Karna,Scutter,kscuttern2@webs.com,37,Pueai Noi
832,Tye,Melsome,tmelsomen3@boston.com,68,Bambali
833,Teri,Hanmer,thanmern4@360.cn,39,Tartu
834,Robbyn,Dawks,rdawksn5@shutterfly.com,54,Santos Evos
835,Cherice,Digby,cdigbyn6@netvibes.com,84,Juupajoki
836,Russ,Sprowles,rsprowlesn7@sbwire.com,70,Tonota
837,Lindi,Blacksell,lblackselln8@hp.com,56,Al Bāriqīyah
838,Salem,Weins,sweinsn9@creativecommons.org,20,Besao
839,Fedora,Chaddock,fchaddockna@toplist.cz,66,Gafanha da Encarnação
840,Addie,Roset,arosetnb@fema.gov,66,Puerto La Cruz
841,Rube,Wolfart,rwolfartnc@google.ca,63,Cigaluh
842,Mirilla,Willcocks,mwillcocksnd@nytimes.com,49,Canauay
843,Tania,Foukx,tfoukxne@apple.com,23,Barroso
844,Maryl,Braunds,mbraundsnf@biglobe.ne.jp,30,Silva Jardim
845,Kandace,Garrattley,kgarrattleyng@latimes.com,23,Dengyue
846,Abbe,Thumann,athumannnh@abc.net.au,80,Beijie
847,Shandie,Gerriets,sgerrietsni@simplemachines.org,21,Skillingaryd
848,Yardley,Gernier,ygerniernj@vimeo.com,58,Pirok
849,Shannon,Romanet,sromanetnk@yolasite.com,74,Bridgetown
850,Paten,Erie,perienl@purevolume.com,66,Bačka Palanka
851,Muire,Aggett,maggettnm@cargocollective.com,87,Emmen
852,Brady,Huffy,bhuffynn@posterous.com,23,Reisjärvi
853,Kale,Taphouse,ktaphouseno@bloglines.com,63,Liangwangzhuang
854,Mauricio,O'Crigane,mocriganenp@wordpress.com,73,Diébougou
855,Keene,Fowlds,kfowldsnq@virginia.edu,23,Sunan
856,Cris,Teager,cteagernr@ucoz.com,67,Vingåker
857,Miltie,Jessen,mjessenns@engadget.com,18,Dongzha
858,Guglielma,Portal,gportalnt@feedburner.com,49,Mambulo
859,Briana,Kilmartin,bkilmartinnu@cdc.gov,22,Načeradec
860,Clyve,Trinke,ctrinkenv@wix.com,76,Zgornje Bitnje
861,Karlee,Townsley,ktownsleynw@mapquest.com,65,Nadrupe
862,Jessie,Hupe,jhupenx@csmonitor.com,57,Lucapon
863,Eleonora,Pelman,epelmanny@uiuc.edu,23,Bohdalov
864,Casi,Dan,cdannz@alibaba.com,82,Kangping
865,Sissie,Meneely,smeneelyo0@geocities.jp,52,Vittel
866,Francisco,Rogeon,frogeono1@plala.or.jp,43,Ban Mo
867,Gale,Joannidi,gjoannidio2@wikia.com,66,Xiatang
868,Rosalie,Laurencot,rlaurencoto3@psu.edu,70,Dongping
869,Kellen,Everington,keveringtono4@angelfire.com,68,Anhua Daying
870,Ulysses,Letty,ulettyo5@blogger.com,85,Cibenda
871,Corby,Langan,clangano6@mayoclinic.com,31,Myeik
872,Leland,Gourdon,lgourdono7@4shared.com,86,Meylan
873,Noak,Kahan,nkahano8@sakura.ne.jp,63,El Hatillo
874,Noah,Pinshon,npinshono9@dot.gov,89,Yacimiento Río Turbio
875,Ariana,Scrogges,ascroggesoa@ucoz.ru,37,General Ramírez
876,Aldo,Ventura,aventuraob@goo.ne.jp,63,Palmerston North
877,Caleb,Legier,clegieroc@jigsy.com,28,Sidokumpul
878,Libby,Parmby,lparmbyod@irs.gov,88,Mādārīpur
879,Ivar,Minchinton,iminchintonoe@youtu.be,31,Липково
880,Eileen,MacCoughan,emaccoughanof@zdnet.com,75,Partizansk
881,Binnie,Antrobus,bantrobusog@fc2.com,84,Starobin
882,Bernardina,Wileman,bwilemanoh@npr.org,42,Al Qarārah
883,Rana,Fitton,rfittonoi@1688.com,71,Paarl
884,Conni,Oldridge,coldridgeoj@yale.edu,84,Taunggyi
885,Bax,Sandercroft,bsandercroftok@sun.com,64,Sebadelhe
886,Leonanie,Jozefowicz,ljozefowiczol@soundcloud.com,41,Acas
887,Marna,Iron,mironom@wordpress.com,76,Morales
888,Ashli,Emney,aemneyon@cornell.edu,36,Jinghong
889,Hatty,Ambrogetti,hambrogettioo@xrea.com,56,Calangain
890,Juline,Bendixen,jbendixenop@amazonaws.com,48,Gampingan
891,Betsy,Bernhardt,bbernhardtoq@desdev.cn,49,Ja Ela
892,Gasparo,Moreno,gmorenoor@forbes.com,67,Abū Zabad
893,Shoshana,Narup,snarupos@buzzfeed.com,39,Aygestan
894,Renata,Jopp,rjoppot@statcounter.com,43,Muyi
895,Evvie,Dietzler,edietzlerou@symantec.com,19,Targuist
896,Ole,Berrington,oberringtonov@chron.com,58,Vista Hermosa
897,Francklyn,Paddeley,fpaddeleyow@cam.ac.uk,62,Aimorés
898,Reade,Curwood,rcurwoodox@princeton.edu,49,Brandýs nad Labem-Stará Boleslav
899,Aidan,de Clerq,adeclerqoy@abc.net.au,72,Zwedru
900,Cole,Lunnon,clunnonoz@fotki.com,47,Daoukro
901,Prentiss,Rodden,proddenp0@blogger.com,21,Stockholm
902,Hercule,Bill,hbillp1@reverbnation.com,72,Danville
903,Krissy,Cargill,kcargillp2@altervista.org,25,Kato Pyrgos
904,Ddene,Lammenga,dlammengap3@tumblr.com,18,Sundsvall
905,Giffie,Dixsee,gdixseep4@drupal.org,89,Berlin
906,Giovanni,Pinn,gpinnp5@linkedin.com,62,Nijiangping
907,Myrtle,Ricci,mriccip6@github.io,30,Boucinhas
908,Zelma,MacKerley,zmackerleyp7@bravesites.com,82,Cáchira
909,Myer,Goodier,mgoodierp8@seattletimes.com,40,Pont-à-Mousson
910,Bartram,Anslow,banslowp9@acquirethisname.com,68,Longhua
911,Eryn,Pourvoieur,epourvoieurpa@tuttocitta.it,87,Fenais da Ajuda
912,Loren,Strathearn,lstrathearnpb@wunderground.com,64,Rosaspata
913,Effie,Sefton,eseftonpc@comsenz.com,68,Al Quwaysimah
914,Jemima,Osmond,josmondpd@fema.gov,30,Yeniköy
915,Nedda,Inchley,ninchleype@soundcloud.com,67,Pokrovskoye-Streshnëvo
916,Mariya,Toyer,mtoyerpf@loc.gov,62,Guxi
917,Anthony,Currier,acurrierpg@usnews.com,66,Eskilstuna
918,Rad,Sallowaye,rsallowayeph@soup.io,52,Sattahip
919,Bucky,Winspur,bwinspurpi@oracle.com,34,Olsztynek
920,Jessalyn,Golly,jgollypj@360.cn,58,Andrushivka
921,Miltie,Hullin,mhullinpk@scientificamerican.com,70,Medovene
922,Dominga,Brogden,dbrogdenpl@mit.edu,18,El Soberbio
923,Gwenneth,Kemmey,gkemmeypm@creativecommons.org,21,Kozova
924,Obediah,Colerick,ocolerickpn@webeden.co.uk,39,Lianhe
925,Justus,Deek,jdeekpo@ted.com,60,Cungkal
926,Claudetta,Cattell,ccattellpp@ca.gov,23,Zhenqiao
927,Marti,Dunnion,mdunnionpq@networkadvertising.org,87,Galyugayevskaya
928,Berty,Mancer,bmancerpr@google.ca,29,Phan Rang-Tháp Chàm
929,Neille,Pelfer,npelferps@about.com,78,Linglong
930,Pace,Moorerud,pmoorerudpt@printfriendly.com,69,Saint-Louis
931,Devinne,Nardrup,dnardruppu@ifeng.com,57,Birmingham
932,Shirlene,Eilles,seillespv@admin.ch,25,Francisco I Madero
933,Miranda,Egle,meglepw@census.gov,74,Vodňany
934,Lyn,Komorowski,lkomorowskipx@paginegialle.it,61,Aībak
935,Marin,Seacroft,mseacroftpy@google.cn,75,Novallas
936,Germaine,Ettels,gettelspz@msn.com,18,Takeshiken
937,Osbert,Tyre,otyreq0@issuu.com,48,Bagani
938,Franny,Thompstone,fthompstoneq1@reverbnation.com,43,Tirah
939,Waite,Fortnum,wfortnumq2@instagram.com,79,Ourtzagh
940,Pennie,Millen,pmillenq3@hexun.com,69,Solna
941,Odey,Jenkins,ojenkinsq4@nydailynews.com,26,Xinhua
942,Aurelie,Jaulmes,ajaulmesq5@seesaa.net,84,Castelnaudary
943,Loralee,Furneaux,lfurneauxq6@live.com,22,Campamento
944,Ramsey,Koenen,rkoenenq7@sakura.ne.jp,83,Wang Noi
945,Helli,Lottrington,hlottringtonq8@desdev.cn,42,Yangdian
946,Brnaba,Offner,boffnerq9@bbc.co.uk,19,Chambéry
947,Kendal,Thow,kthowqa@squidoo.com,60,Kademangan
948,Forrester,Vasyunkin,fvasyunkinqb@nationalgeographic.com,42,Huolianpo
949,Kalina,Golly,kgollyqc@buzzfeed.com,48,Bansko
950,Mable,Stedall,mstedallqd@samsung.com,42,Cimanglid
951,Carena,Toderbrugge,ctoderbruggeqe@cafepress.com,58,Jincheng
952,Emmey,Padgett,epadgettqf@taobao.com,56,Kekeri
953,Hamilton,Sowden,hsowdenqg@sina.com.cn,59,Banjaranyar
954,Millard,Atwel,matwelqh@europa.eu,56,Hubei
955,Karine,Stilldale,kstilldaleqi@umn.edu,89,La Habana Vieja
956,Nanette,Aughton,naughtonqj@sun.com,39,Gostyń
957,Windy,Mapham,wmaphamqk@accuweather.com,52,Besao
958,Allin,Challenger,achallengerql@prweb.com,74,Porvenir
959,Selie,Worrell,sworrellqm@networkadvertising.org,83,Dahu
960,Leonerd,Lacknor,llacknorqn@chicagotribune.com,37,San Carlos de Bariloche
961,Dee,Chese,dcheseqo@senate.gov,64,Vila Fria
962,Cordelia,Reedie,creedieqp@tinyurl.com,58,Kurnāz
963,Northrop,Goldbourn,ngoldbournqq@a8.net,43,Józefosław
964,Homere,Smitherham,hsmitherhamqr@comcast.net,79,Morteros
965,Norbert,Comellini,ncomelliniqs@china.com.cn,64,Usukhchay
966,Jada,Breston,jbrestonqt@blinklist.com,85,Petersfield
967,Noland,Skyme,nskymequ@chron.com,66,Fécamp
968,Caria,Probyn,cprobynqv@upenn.edu,40,Hengjie
969,Carleton,Heintsch,cheintschqw@foxnews.com,85,Andoany
970,Terrence,Beedom,tbeedomqx@ow.ly,78,Šluknov
971,Anstice,Mignot,amignotqy@istockphoto.com,57,Wudan
972,Robinson,Salamon,rsalamonqz@yale.edu,81,Paço
973,Shep,Smaile,ssmailer0@dropbox.com,81,Ezhou
974,Vernen,Wawer,vwawerr1@wp.com,76,Zhangdu
975,Jyoti,Etherington,jetheringtonr2@nih.gov,60,As Sālimīyah
976,Sidonnie,Swiffan,sswiffanr3@sbwire.com,27,Áno Kastrítsion
977,Mora,Upchurch,mupchurchr4@home.pl,76,Falun
978,Boniface,Buddell,bbuddellr5@typepad.com,44,Dongmazar
979,Beverie,Padefield,bpadefieldr6@nydailynews.com,47,Sebewe
980,Jodie,Latliff,jlatliffr7@cisco.com,79,San Carlos
981,Angel,Mantram,amantramr8@discovery.com,82,Eloúnda
982,Alick,Spencook,aspencookr9@pen.io,37,Bom Sucesso
983,Phineas,Lung,plungra@usgs.gov,70,Matinao
984,Gustav,Aylett,gaylettrb@yellowpages.com,50,Maiorca
985,Alan,Batting,abattingrc@myspace.com,52,Trai Ngau
986,Jacqueline,Sooper,jsooperrd@buzzfeed.com,59,Campinho
987,Tawsha,Sudy,tsudyre@eepurl.com,85,Lushikeng
988,Nerty,Bruck,nbruckrf@ucoz.com,44,Glogovac
989,Storm,Deekes,sdeekesrg@github.com,29,Baiqi
990,Emmanuel,Dahlgren,edahlgrenrh@alibaba.com,61,Polunochnoye
991,Horace,Lyfe,hlyferi@ft.com,40,Iraquara
992,Dar,Keeling,dkeelingrj@xing.com,50,Donghe
993,Stevy,Torrecilla,storrecillark@accuweather.com,23,Ust’-Ulagan
994,Skippy,Mohring,smohringrl@admin.ch,36,Gemo
995,Thornton,Bellson,tbellsonrm@who.int,36,Sila
996,Arman,Rozec,arozecrn@wp.com,34,San Carlos
997,Elyse,Brydell,ebrydellro@whitehouse.gov,66,Quảng Ngãi
998,Susann,Southwell,ssouthwellrp@umich.edu,74,Jammāl
999,Nadean,Daouze,ndaouzerq@ifeng.com,31,Vĩnh Tường
1000,Caro,Twelvetree,ctwelvetreerr@comcast.net,73,Calamba